{
  "hash": "31505b9e",
  "configHash": "6220694c",
  "lockfileHash": "f4004d43",
  "browserHash": "35ff3848",
  "optimized": {
    "@angular/common/http": {
      "src": "../../../../../../node_modules/@angular/common/fesm2022/http.mjs",
      "file": "@angular_common_http.js",
      "fileHash": "6e84fce7",
      "needsInterop": false
    },
    "@angular/core": {
      "src": "../../../../../../node_modules/@angular/core/fesm2022/core.mjs",
      "file": "@angular_core.js",
      "fileHash": "7b36e54c",
      "needsInterop": false
    },
    "@angular/platform-browser": {
      "src": "../../../../../../node_modules/@angular/platform-browser/fesm2022/platform-browser.mjs",
      "file": "@angular_platform-browser.js",
      "fileHash": "12400896",
      "needsInterop": false
    },
    "@angular/router": {
      "src": "../../../../../../node_modules/@angular/router/fesm2022/router.mjs",
      "file": "@angular_router.js",
      "fileHash": "c429f8eb",
      "needsInterop": false
    },
    "rxjs": {
      "src": "../../../../../../node_modules/rxjs/dist/esm5/index.js",
      "file": "rxjs.js",
      "fileHash": "9861c6a9",
      "needsInterop": false
    }
  },
  "chunks": {
    "chunk-KADOEWG6": {
      "file": "chunk-KADOEWG6.js"
    },
    "chunk-2V4QCOZY": {
      "file": "chunk-2V4QCOZY.js"
    },
    "chunk-75ZCAQUU": {
      "file": "chunk-75ZCAQUU.js"
    },
    "chunk-5TID76VL": {
      "file": "chunk-5TID76VL.js"
    }
  }
}